{
    "loss": 1.8775651454925537,
    "accuracy": 0.7901049256324768
}