{
    "loss": 4.1513285636901855,
    "accuracy": 0.569715142250061
}